{
    "parent": "ad:floating_texts",
    "display": {
        "icon": {
            "item": "minecraft:red_dye"
        },
        "title": "ft_13_white",
        "description": "",
        "show_toast": false,
        "announce_to_chat": false,
        "hidden": true
    },
    "criteria": {
        "is_sneaking_with_item": {
            "conditions": {
                "player": [
                    {
                        "condition": "minecraft:entity_properties",
                        "entity": "this",
                        "predicate": {
                            "flags": {
                                "is_sneaking": true
                            },
                            "equipment": {
                                "mainhand": {
                                    "items": [
                                        "minecraft:white_dye"
                                    ]
                                }
                            }
                        }
                    }
                ]
            },
            "trigger": "minecraft:location"
        }
    },
    "requirements": [
        [
            "is_sneaking_with_item"
        ]
    ],
    "rewards": {
        "function": "floating_texts:floating_texts/dye/13_white"
    }
}