{
    "parent": "ad:floating_texts",
    "display": {
        "icon": {
            "item": "minecraft:name_tag"
        },
        "title": "ft_armor_stand_click",
        "description": "",
        "show_toast": false,
        "announce_to_chat": false,
        "hidden": true
    },
    "criteria": {
        "player_clicked": {
            "trigger": "player_interacted_with_entity",
            "conditions": {
                "entity": {
                    "type": "minecraft:armor_stand"
                }
            }
        },
        "holds_name_tag": {
            "trigger": "using_item",
            "conditions": {
                "item": {
                    "items": [
                        "minecraft:name_tag"
                    ]
                }
            }
        }
    },
    "requirements": [
        [
            "player_clicked",
            "holds_name_tag"
        ]
    ],
    "rewards": {
        "function": "floating_texts:armor_stands/show_armor_stand_name"
    }
}